Season,Position,Position Group,School,Conference,Height (inches),Weight(lbs),Hand (inches),Arm (inches),Wingspan (inches),40-Yard Dash (seconds),Vertical (inches),Bench (reps),Broad Jump (inches),3-Cone (seconds),Shuttle (seconds),Combine Participation,ELO,FPI,Efficiencies Overall,Efficiencies Offense,Efficiencies Defense,Efficiencies SpecialTeams,CFP Appearance,National Award,Actual Draft Tier,Actual__Round 1,Actual__Rounds 2-3,Actual__Rounds 4-5,Actual__Rounds 6-7,Actual__Undrafted,Actual Target,Predicted Probability,Cumulative Actual Captured,Percent of Players Reviewed,Percent of Actual Tier Captured
2024,OT,OL,Notre Dame,FBS Independent,77.75,310,10.0,34.375,83.0,5.2,28.0,28,114.0,7.76,4.73,1,2077,20.776,83.947,78.304,77.941,57.082,1,0,Rounds 2-3,0,1,0,0,0,0,0.1793242586842727,0,0.4132231404958678,0.0
2023,TE,Skill,Utah,Pac-12,76.0,246,10.25,32.625,78.375,4.67,35.0,21,120.0,7.37,4.3,0,1915,19.146,79.905,74.866,74.068,53.378,0,0,Round 1,1,0,0,0,0,0,0.17930085888468278,0,0.8264462809917356,0.0
2024,RB,Skill,Ohio St.,Big Ten,68.5,229,9.0,28.625,69.625,4.56,36.0,22,119.0,7.25,4.26,0,2065,27.485,89.569,83.397,86.658,44.2,1,0,Undrafted,0,0,0,0,1,0,0.17928690463547814,0,1.2396694214876034,0.0
2023,CB,Secondary,Utah,Pac-12,69.0,184,9.125,29.125,70.375,4.51,33.0,18,133.0,6.51,4.32,1,1915,19.146,79.905,74.866,74.068,53.378,0,0,Rounds 4-5,0,0,1,0,0,1,0.17926586965634927,1,1.6528925619834711,2.127659574468085
2024,OT,OL,Central Florida,Big 12,77.75,306,10.125,33.625,80.625,4.95,36.5,29,117.0,7.76,4.75,1,1617,9.736,69.854,75.965,58.387,40.005,0,0,Rounds 6-7,0,0,0,1,0,0,0.17924810826759213,1,2.066115702479339,2.127659574468085
2025,IOL,OL,Georgia,SEC,78.5,308,10.375,32.25,79.25,4.97,32.0,11,113.0,7.38,4.03,1,1998,22.091,82.861,79.935,73.308,59.572,1,0,Rounds 2-3,0,1,0,0,0,0,0.17923579579382376,1,2.479338842975207,2.127659574468085
2024,LB,LB,North Carolina St.,ACC,75.875,233,9.0,30.5,75.75,4.43,34.5,18,119.0,7.29,4.43,1,1660,6.943,65.952,47.142,75.741,57.991,0,1,Rounds 4-5,0,0,1,0,0,1,0.17923008377596983,2,2.8925619834710745,4.25531914893617
2023,QB,Skill,Houston,AAC,74.5,220,9.375,31.375,75.625,4.64,37.5,20,122.0,6.89,4.25,1,1619,4.061,51.527,62.603,38.496,54.875,0,0,Rounds 4-5,0,0,1,0,0,1,0.1792287693350733,3,3.3057851239669422,6.382978723404255
2024,TE,Skill,Texas,Big 12,75.875,245,10.125,32.875,78.25,4.69,35.0,28,121.0,7.04,4.32,1,2025,23.196,86.583,76.615,83.977,60.972,1,0,Rounds 4-5,0,0,1,0,0,1,0.17922833231041962,4,3.71900826446281,8.51063829787234
2024,DL,DL,Ohio St.,Big Ten,74.75,290,10.0,33.5,81.125,4.97,31.0,27,111.0,7.65,4.61,0,2065,27.485,89.569,83.397,86.658,44.2,1,0,Rounds 2-3,0,1,0,0,0,0,0.17922374505299454,4,4.132231404958678,8.51063829787234
2024,LB,LB,Texas,Big 12,74.375,240,9.5,31.75,74.375,4.62,33.5,18,121.0,7.44,4.44,1,2025,23.196,86.583,76.615,83.977,60.972,1,0,Rounds 6-7,0,0,0,1,0,0,0.17913709848659776,4,4.545454545454546,8.51063829787234
2024,CB,Secondary,Georgia,SEC,71.5,186,8.875,30.875,73.75,4.52,37.0,15,126.0,6.62,4.12,1,2273,24.777,87.417,88.149,74.455,48.128,1,0,Rounds 2-3,0,1,0,0,0,0,0.17911310686076348,4,4.958677685950414,8.51063829787234
2024,RB,Skill,Notre Dame,FBS Independent,71.375,221,10.25,32.375,76.5,4.71,38.0,23,125.0,7.0,4.25,1,2077,20.776,83.947,78.304,77.941,57.082,1,0,Rounds 4-5,0,0,1,0,0,1,0.1790247692779403,5,5.371900826446281,10.638297872340425
2023,OT,OL,Maryland,Big Ten,77.625,306,9.375,33.0,79.125,5.1,31.5,20,113.0,7.6,4.69,1,1645,7.842,61.934,61.039,57.849,51.968,0,0,Rounds 6-7,0,0,0,1,0,0,0.17902127637684156,5,5.785123966942149,10.638297872340425
2025,WR,Skill,Arizona,Big 12,76.125,219,10.0,31.5,77.875,4.68,32.15,15,121.5,6.94,4.19,0,1307,-3.385,38.477,43.057,38.791,48.852,0,1,Round 1,1,0,0,0,0,0,0.17900711545550346,5,6.198347107438017,10.638297872340425
2023,CB,Secondary,Georgia,SEC,73.75,207,8.5,31.25,74.125,4.36,33.5,15,122.0,6.89,4.3,1,2300,29.908,93.511,90.791,87.647,45.406,0,0,Rounds 4-5,0,0,1,0,0,1,0.17900087848813928,6,6.6115702479338845,12.76595744680851
2025,DL,DL,Kentucky,SEC,79.375,331,10.5,34.25,84.125,5.45,25.0,33,104.0,6.65,4.03,1,1498,4.707,54.684,41.39,62.472,62.769,0,1,Rounds 4-5,0,0,1,0,0,1,0.17897498013618557,7,7.024793388429752,14.893617021276595
2023,WR,Skill,Mississippi,SEC,73.75,220,10.375,32.125,75.75,4.46,39.5,22,129.0,6.96,4.29,1,1634,12.342,68.271,72.487,57.125,45.454,0,0,Rounds 2-3,0,1,0,0,0,0,0.178967509396198,7,7.43801652892562,14.893617021276595
2025,LB,LB,Georgia,SEC,73.0,243,10.25,32.0,79.875,4.75,24.5,11,115.3,6.88,4.03,0,1998,22.091,82.861,79.935,73.308,59.572,1,1,Round 1,1,0,0,0,0,0,0.17896600731935874,7,7.851239669421488,14.893617021276595
2025,EDGE,DL,Miami,ACC,76.625,258,10.0,33.125,80.25,4.62,35.5,19,121.0,6.65,4.16,1,1855,17.338,77.097,87.084,52.889,41.286,1,0,Rounds 6-7,0,0,0,1,0,0,0.1788452317851788,7,8.264462809917356,14.893617021276595
2025,WR,Skill,Tennessee,SEC,74.5,209,10.0,32.125,78.5,4.33,42.99,14,123.6,6.65,4.03,0,1915,20.786,83.706,67.16,87.119,52.677,0,0,Undrafted,0,0,0,0,1,0,0.1787287926611103,7,8.677685950413224,14.893617021276595
2025,RB,Skill,Ohio State,Big Ten,70.125,202,9.5,30.625,76.125,4.43,38.5,11,128.0,6.65,4.97,1,2211,24.823,87.333,80.443,83.601,49.523,1,0,Rounds 2-3,0,1,0,0,0,0,0.17868196761958732,7,9.090909090909092,14.893617021276595
2023,CB,Secondary,Miami,ACC,72.0,198,9.625,32.625,77.625,4.45,38.5,12,125.0,7.09,4.41,1,1316,-0.466,39.09,36.049,46.919,51.41,0,0,Rounds 2-3,0,1,0,0,0,0,0.17849616569566662,7,9.50413223140496,14.893617021276595
2025,TE,Skill,Texas,SEC,77.0,241,9.75,32.625,79.5,4.84,30.0,33,129.3,7.15,4.4,1,2042,26.107,88.25,73.85,92.32,35.538,0,0,Rounds 4-5,0,0,1,0,0,1,0.17844342706205807,8,9.917355371900827,17.02127659574468
2024,K,Special Teams,Alabama,SEC,72.875,187,8.5,31.0,73.625,4.39,38.0,15,127.0,6.81,4.14,0,2032,24.925,84.968,76.211,80.844,61.941,0,0,Rounds 6-7,0,0,0,1,0,0,0.178306483718695,8,10.330578512396695,17.02127659574468
2024,LB,LB,Washington,Pac-12,72.5,236,9.25,32.875,79.625,4.56,39.5,18,128.0,7.32,5.27,1,1879,17.544,82.666,86.101,64.802,60.593,0,0,Rounds 4-5,0,0,1,0,0,1,0.17824913149508786,9,10.743801652892563,19.148936170212767
2024,QB,Skill,Washington,Pac-12,74.25,216,10.5,33.625,81.0,4.79,32.5,17,112.0,7.04,4.26,0,1879,17.544,82.666,86.101,64.802,60.593,0,1,Round 1,1,0,0,0,0,0,0.17812465806135364,9,11.15702479338843,19.148936170212767
2023,EDGE,DL,Georgia,SEC,75.75,247,10.125,34.625,82.25,4.48,30.0,23,123.0,7.35,4.45,1,2300,29.908,93.511,90.791,87.647,45.406,0,0,Rounds 6-7,0,0,0,1,0,0,0.17796846858783627,9,11.570247933884298,19.148936170212767
2024,CB,Secondary,Kentucky,SEC,70.75,190,8.75,31.25,75.0,4.48,42.0,15,135.0,6.95,3.94,1,1641,7.33,63.962,60.477,61.626,52.112,0,0,Rounds 2-3,0,1,0,0,0,0,0.17793136276068933,9,11.983471074380166,19.148936170212767
2025,RB,Skill,Rutgers,Big Ten,68.25,211,9.0,38.625,72.0,4.6,34.5,11,115.7,7.58,4.97,1,1533,3.857,55.405,64.09,40.753,58.771,0,0,Rounds 6-7,0,0,0,1,0,0,0.17791599596833968,9,12.396694214876034,19.148936170212767
2024,WR,Skill,Southeast Missouri St.,OVC-Big South,72.75,202,10.125,31.625,76.125,4.44,39.5,19,132.0,6.85,4.12,1,1689,10.257,67.367,64.253,63.204,55.565,0,0,Rounds 6-7,0,0,0,1,0,0,0.17786813345930413,9,12.8099173553719,19.148936170212767
2023,TE,Skill,Georgia,SEC,78.625,264,11.0,34.375,83.75,4.64,31.0,21,122.0,6.75,4.08,1,2300,29.908,93.511,90.791,87.647,45.406,0,0,Rounds 2-3,0,1,0,0,0,0,0.17767208174853322,9,13.223140495867769,19.148936170212767
2024,OT,OL,Georgia,SEC,79.75,340,11.25,36.125,86.75,5.07,25.5,30,111.0,7.46,4.41,1,2273,24.777,87.417,88.149,74.455,48.128,1,0,Round 1,1,0,0,0,0,0,0.17758008355238342,9,13.636363636363635,19.148936170212767
2025,EDGE,DL,Texas A&M,SEC,74.75,257,10.0,33.0,80.875,4.28,35.8,15,93.0,6.65,4.03,0,1762,14.297,76.763,68.737,71.579,64.836,1,1,Rounds 2-3,0,1,0,0,0,0,0.17722898610923138,9,14.049586776859504,19.148936170212767
2024,S,Secondary,Georgia,SEC,70.5,198,9.0,30.75,73.875,4.47,37.0,17,123.0,7.03,5.04,1,2273,24.777,87.417,88.149,74.455,48.128,1,0,Rounds 2-3,0,1,0,0,0,0,0.1771223296723924,9,14.46280991735537,19.148936170212767
2025,EDGE,DL,Arkansas,SEC,78.0,264,10.0,33.25,83.625,4.68,40.5,28,129.0,7.02,4.97,1,1611,8.19,65.787,60.714,66.155,45.94,0,0,Rounds 2-3,0,1,0,0,0,0,0.17702218632865585,9,14.87603305785124,19.148936170212767
2025,DL,DL,North Carolina,ACC,76.25,294,10.25,33.25,81.125,4.28,35.5,26,114.0,8.19,4.03,1,1496,2.602,50.555,55.402,46.067,47.749,0,0,Undrafted,0,0,0,0,1,0,0.17693691164406383,9,15.289256198347106,19.148936170212767
2024,CB,Secondary,South Carolina,SEC,71.75,190,8.875,32.0,77.625,4.46,40.5,15,129.0,6.94,4.19,1,1594,6.054,55.105,53.866,54.724,48.937,0,0,Rounds 6-7,0,0,0,1,0,0,0.1768940323139888,9,15.702479338842975,19.148936170212767
2025,EDGE,DL,Ole Miss,SEC,77.875,274,9.125,33.5,82.75,5.45,24.5,30,138.0,8.19,4.97,0,2007,20.608,84.235,76.596,81.866,47.73,1,0,Undrafted,0,0,0,0,1,0,0.1768259059835336,9,16.115702479338843,19.148936170212767
2023,CB,Secondary,Iowa,Big Ten,72.625,193,9.5,30.0,74.125,4.45,39.0,12,127.0,6.68,4.29,1,1748,7.409,67.111,21.369,88.288,70.495,0,0,Rounds 2-3,0,1,0,0,0,0,0.1768047673488426,9,16.528925619834713,19.148936170212767
2024,S,Secondary,Ohio St.,Big Ten,73.5,199,8.75,32.0,78.0,4.55,32.5,13,121.0,7.03,5.07,1,2065,27.485,89.569,83.397,86.658,44.2,1,0,Undrafted,0,0,0,0,1,0,0.17667804935340248,9,16.94214876033058,19.148936170212767
2023,LB,LB,Texas,Big 12,74.625,229,9.5,32.25,78.125,4.56,34.0,15,124.0,6.62,4.33,1,1900,19.379,79.1,73.758,70.57,66.449,1,0,Rounds 2-3,0,1,0,0,0,0,0.17655237735114027,9,17.355371900826448,19.148936170212767
2024,IOL,OL,South Dakota St.,MVFC,76.25,309,10.0,33.875,81.625,5.08,35.5,31,117.0,7.59,4.45,1,1780,12.286,67.318,67.025,63.252,53.648,0,0,Rounds 4-5,0,0,1,0,0,1,0.17642256359194958,10,17.768595041322314,21.27659574468085
2024,WR,Skill,USC,Pac-12,74.375,208,9.625,33.0,78.0,4.5,36.5,13,119.0,6.86,4.12,1,1723,13.091,69.753,82.697,42.068,66.367,0,0,Rounds 6-7,0,0,0,1,0,0,0.17636902209641409,10,18.181818181818183,21.27659574468085
2023,EDGE,DL,Nebraska,Big Ten,76.75,250,10.75,35.25,83.375,4.74,33.5,21,118.0,7.18,4.38,1,1532,-0.651,40.694,43.713,40.707,51.926,0,0,Rounds 6-7,0,0,0,1,0,0,0.17633476057562314,10,18.59504132231405,21.27659574468085
2025,EDGE,DL,South Carolina,SEC,76.0,254,9.625,34.0,81.5,4.73,30.43,23,138.0,6.65,4.97,1,1810,14.834,76.206,60.762,80.864,51.02,0,0,Rounds 4-5,0,0,1,0,0,1,0.1762215385191896,11,19.00826446280992,23.404255319148938
2023,DL,DL,Texas,Big 12,74.625,292,10.375,34.5,83.375,5.04,33.0,29,112.0,7.53,4.75,1,1900,19.379,79.1,73.758,70.57,66.449,1,0,Rounds 6-7,0,0,0,1,0,0,0.17614625389250027,11,19.421487603305785,23.404255319148938
2025,TE,Skill,Alabama,SEC,75.0,274,9.625,31.25,78.25,4.91,34.0,26,119.0,7.34,4.45,1,1986,23.933,85.057,77.281,79.955,59.628,1,0,Rounds 6-7,0,0,0,1,0,0,0.1759537989771976,11,19.834710743801654,23.404255319148938
2025,TE,Skill,Iowa,Big Ten,77.75,251,10.0,32.125,78.375,5.42,35.0,11,120.0,7.18,4.47,1,1774,11.144,70.238,48.063,74.759,71.573,0,0,Rounds 6-7,0,0,0,1,0,0,0.17595295310124287,11,20.24793388429752,23.404255319148938
2023,TE,Skill,Alabama,SEC,76.0,242,9.5,32.375,79.125,4.67,35.5,21,120.0,7.36,4.32,0,2181,27.296,89.526,85.539,81.093,61.676,1,0,Rounds 4-5,0,0,1,0,0,1,0.1758335759118403,12,20.66115702479339,25.53191489361702
2024,IOL,OL,TCU,Big 12,76.5,313,10.75,34.625,84.0,4.99,34.0,30,114.0,7.58,4.54,1,1631,9.511,59.244,64.411,51.426,45.245,0,0,Rounds 2-3,0,1,0,0,0,0,0.17564906913378042,12,21.074380165289256,25.53191489361702
2024,LB,LB,Michigan,Big Ten,74.25,238,9.375,32.5,77.5,4.62,34.5,18,119.0,7.4,4.38,0,2210,27.625,94.395,88.226,91.352,54.858,0,0,Rounds 2-3,0,1,0,0,0,0,0.17540532341744053,12,21.487603305785125,25.53191489361702
2024,S,Secondary,Washington,Pac-12,74.375,215,10.0,33.25,79.875,4.51,39.0,16,122.0,6.83,4.14,1,1879,17.544,82.666,86.101,64.802,60.593,0,0,Rounds 6-7,0,0,0,1,0,0,0.17533030107468622,12,21.90082644628099,25.53191489361702
2023,CB,Secondary,Stanford,Pac-12,72.0,191,9.75,32.0,76.625,4.52,36.0,15,131.0,6.51,4.27,1,1237,-3.917,38.149,36.614,44.176,50.17,0,0,Rounds 4-5,0,0,1,0,0,1,0.17525696702860338,13,22.31404958677686,27.659574468085108
2024,CB,Secondary,Tennessee,SEC,73.0,196,8.5,30.875,74.125,4.49,38.0,15,126.0,6.94,4.25,0,1877,14.091,72.034,66.494,68.45,54.522,1,0,Rounds 6-7,0,0,0,1,0,0,0.17495075133473764,13,22.727272727272727,27.659574468085108
2024,QB,Skill,Michigan,Big Ten,74.5,219,9.0,31.625,75.875,4.81,32.5,17,114.0,6.82,4.23,1,2210,27.625,94.395,88.226,91.352,54.858,0,0,Round 1,1,0,0,0,0,0,0.17485565374941348,13,23.140495867768596,27.659574468085108
2024,S,Secondary,Auburn,SEC,71.625,179,9.875,32.375,76.625,4.45,39.5,13,133.0,7.22,5.94,1,1585,8.916,67.536,49.076,72.965,65.063,0,0,Rounds 6-7,0,0,0,1,0,0,0.1748026136656935,13,23.553719008264462,27.659574468085108
2023,OT,OL,Georgia,SEC,77.375,311,10.625,34.75,82.75,4.97,30.0,20,108.0,7.6,4.69,1,2300,29.908,93.511,90.791,87.647,45.406,0,0,Round 1,1,0,0,0,0,0,0.17448031081933846,13,23.96694214876033,27.659574468085108
2025,WR,Skill,Iowa State,Big 12,76.125,214,9.125,33.125,80.0,4.47,39.0,11,128.0,7.75,4.03,1,1675,10.15,66.812,63.385,63.427,52.51,0,0,Rounds 2-3,0,1,0,0,0,0,0.17438966942215373,13,24.380165289256198,27.659574468085108
2025,WR,Skill,Missouri,SEC,72.0,206,8.5,31.25,76.5,4.41,29.17,12,115.9,7.33,4.11,1,1711,12.197,68.028,61.356,72.874,37.108,0,1,Rounds 2-3,0,1,0,0,0,0,0.17391332213850197,13,24.793388429752067,27.659574468085108
2023,LB,LB,Cincinnati,AAC,70.5,231,9.5,30.25,72.0,4.55,33.5,22,119.0,7.44,4.41,0,1690,6.451,60.989,44.607,64.989,69.829,0,1,Undrafted,0,0,0,0,1,0,0.17339057471368702,13,25.206611570247933,27.659574468085108
2025,RB,Skill,Georgia,SEC,68.75,198,9.5,29.25,70.5,4.42,35.0,15,124.0,6.65,4.03,1,1998,22.091,82.861,79.935,73.308,59.572,1,0,Rounds 4-5,0,0,1,0,0,1,0.17306585216711223,14,25.6198347107438,29.78723404255319
2025,RB,Skill,North Carolina,ACC,71.75,221,9.375,30.5,74.75,4.46,38.0,18,130.0,6.75,4.4,1,1496,2.602,50.555,55.402,46.067,47.749,0,0,Round 1,1,0,0,0,0,0,0.17265567478071753,14,26.033057851239672,29.78723404255319
2025,LB,LB,California,ACC,73.875,233,9.375,31.375,75.375,4.6,40.0,26,125.0,7.28,4.03,1,1529,4.302,57.687,45.477,64.264,58.117,0,0,Rounds 4-5,0,0,1,0,0,1,0.17186423729903216,15,26.446280991735538,31.914893617021278
2024,TE,Skill,South Carolina,SEC,75.0,240,9.375,34.25,78.75,4.64,32.5,28,121.0,7.09,4.54,1,1594,6.054,55.105,53.866,54.724,48.937,0,0,Undrafted,0,0,0,0,1,0,0.17180161645106,15,26.859504132231404,31.914893617021278
2024,CB,Secondary,Michigan,Big Ten,71.125,185,8.875,31.375,75.625,4.39,34.5,13,120.0,6.94,4.35,1,2210,27.625,94.395,88.226,91.352,54.858,0,0,Undrafted,0,0,0,0,1,0,0.17156735724062222,15,27.27272727272727,31.914893617021278
2025,LB,LB,Rutgers,Big Ten,76.625,239,9.0,34.5,82.375,4.28,43.0,33,123.2,7.59,4.2,0,1533,3.857,55.405,64.09,40.753,58.771,0,0,Undrafted,0,0,0,0,1,0,0.17152176713765732,15,27.685950413223143,31.914893617021278
2025,CB,Secondary,Colorado,Big 12,72.375,188,9.125,31.375,76.875,4.43,43.0,12,105.0,8.19,4.94,0,1701,12.691,74.938,72.644,69.84,45.06,0,1,Round 1,1,0,0,0,0,0,0.17150745410944984,15,28.09917355371901,31.914893617021278
2024,CB,Secondary,Notre Dame,FBS Independent,75.0,202,9.375,33.0,78.875,4.5,39.5,11,130.0,7.12,4.24,1,2077,20.776,83.947,78.304,77.941,57.082,1,0,Rounds 4-5,0,0,1,0,0,1,0.17067119847036316,16,28.512396694214875,34.04255319148936
2025,CB,Secondary,UCF,Big 12,70.25,191,8.375,29.75,72.625,4.41,43.0,15,123.2,6.9,4.03,1,1557,5.283,53.294,60.369,50.721,32.002,0,0,Rounds 4-5,0,0,1,0,0,1,0.16998505456222573,17,28.92561983471074,36.17021276595745
2023,CB,Secondary,Houston,AAC,72.0,195,9.5,32.0,78.0,4.53,37.5,15,125.0,6.97,4.52,1,1619,4.061,51.527,62.603,38.496,54.875,0,0,Rounds 6-7,0,0,0,1,0,0,0.16953881813805072,17,29.338842975206614,36.17021276595745
2024,LB,LB,Penn St.,Big Ten,73.375,241,10.25,31.5,77.75,4.58,35.0,18,124.0,7.45,4.74,1,2000,25.618,85.731,66.931,89.424,64.921,1,0,Undrafted,0,0,0,0,1,0,0.16943331279592366,17,29.75206611570248,36.17021276595745
2025,TE,Skill,Notre Dame,FBS Independent,77.375,241,9.5,32.0,77.0,4.74,31.0,33,115.0,7.25,4.4,1,2154,25.305,88.314,78.053,88.226,42.499,0,0,Rounds 6-7,0,0,0,1,0,0,0.16919747987139394,17,30.165289256198346,36.17021276595745
2024,DL,DL,Iowa,Big Ten,77.375,281,10.25,32.25,78.875,5.05,31.5,25,114.0,7.16,4.37,1,1575,6.086,61.244,18.216,86.165,61.239,0,0,Rounds 6-7,0,0,0,1,0,0,0.16912300410955117,17,30.57851239669421,36.17021276595745
2023,EDGE,DL,North Carolina,ACC,76.0,238,8.625,32.625,78.875,4.61,34.5,22,123.0,7.22,4.45,1,1559,6.195,60.099,78.452,30.968,61.95,0,0,Undrafted,0,0,0,0,1,0,0.16908857677826827,17,30.991735537190085,36.17021276595745
2024,TE,Skill,Washington,Pac-12,75.125,231,9.25,32.875,78.5,4.47,35.0,28,121.0,6.99,4.39,1,1879,17.544,82.666,86.101,64.802,60.593,0,0,Rounds 6-7,0,0,0,1,0,0,0.16886464928883305,17,31.40495867768595,36.17021276595745
2025,WR,Skill,Georgia,SEC,72.125,179,9.0,31.25,77.0,4.36,38.0,20,127.0,6.82,4.19,1,1998,22.091,82.861,79.935,73.308,59.572,1,0,Rounds 4-5,0,0,1,0,0,1,0.16874174162385536,18,31.818181818181817,38.297872340425535
2024,S,Secondary,Minnesota,Big Ten,73.25,199,9.0,32.0,77.5,4.52,37.0,14,124.0,7.01,4.98,0,1488,-0.564,45.156,45.237,46.429,51.196,0,1,Rounds 2-3,0,1,0,0,0,0,0.16868321980712464,18,32.231404958677686,38.297872340425535
2025,IOL,OL,Ohio State,Big Ten,75.625,315,9.75,33.5,83.75,4.28,24.5,11,102.1,6.65,4.03,0,2211,24.823,87.333,80.443,83.601,49.523,1,1,Round 1,1,0,0,0,0,0,0.16863729618870504,18,32.64462809917356,38.297872340425535
2023,K,Special Teams,Michigan,Big Ten,73.0,209,9.5,30.875,75.875,4.58,34.0,20,121.0,7.27,4.44,0,2124,23.62,85.085,79.485,79.2,57.128,1,0,Rounds 4-5,0,0,1,0,0,1,0.16830304091018405,19,33.057851239669425,40.42553191489361
2024,WR,Skill,Texas,Big 12,73.25,205,9.0,32.375,77.625,4.34,39.5,19,136.0,6.84,4.11,1,2025,23.196,86.583,76.615,83.977,60.972,1,0,Rounds 2-3,0,1,0,0,0,0,0.168218229698614,19,33.47107438016529,40.42553191489361
2025,EDGE,DL,Central Arkansas,UAC,72.875,263,9.25,31.875,77.5,4.69,35.0,26,118.0,7.15,4.39,1,1742,12.036,70.585,65.506,67.645,49.236,0,0,Rounds 4-5,0,0,1,0,0,1,0.1681044326568622,20,33.88429752066116,42.5531914893617
2025,RB,Skill,Miami,ACC,71.625,217,9.5,30.5,75.25,4.51,35.0,33,124.0,6.95,4.97,1,1855,17.338,77.097,87.084,52.889,41.286,1,1,Rounds 6-7,0,0,0,1,0,0,0.1679535627473555,20,34.29752066115703,42.5531914893617
2025,S,Secondary,Texas,SEC,71.25,186,9.0,30.0,75.375,4.45,40.36,17,121.4,6.65,4.03,1,2042,26.107,88.25,73.85,92.32,35.538,0,0,Rounds 2-3,0,1,0,0,0,0,0.16777044124698642,20,34.710743801652896,42.5531914893617
2025,WR,Skill,Notre Dame,FBS Independent,75.0,201,9.5,31.5,79.5,4.49,38.37,19,123.0,7.02,4.42,0,2154,25.305,88.314,78.053,88.226,42.499,0,0,Undrafted,0,0,0,0,1,0,0.1669543432425472,20,35.12396694214876,42.5531914893617
2024,S,Secondary,Texas Tech,Big 12,74.375,216,9.125,33.375,79.125,4.51,41.0,24,146.0,6.81,4.04,1,1562,6.237,62.556,51.102,66.311,59.243,0,0,Undrafted,0,0,0,0,1,0,0.1662760017461966,20,35.53719008264463,42.5531914893617
2024,WR,Skill,Pittsburgh,ACC,73.0,212,10.125,33.25,79.375,4.43,39.5,19,122.0,6.85,4.1,1,1404,-0.369,43.622,32.282,60.013,38.896,0,0,Rounds 6-7,0,0,0,1,0,0,0.16617568142836553,20,35.9504132231405,42.5531914893617
2025,TE,Skill,South Carolina,SEC,76.125,239,10.125,33.75,83.0,4.65,38.0,33,124.0,7.22,4.4,1,1810,14.834,76.206,60.762,80.864,51.02,0,0,Undrafted,0,0,0,0,1,0,0.16592147999230134,20,36.36363636363637,42.5531914893617
2023,WR,Skill,Penn St.,Big Ten,70.0,204,10.125,29.0,72.0,4.52,35.5,16,123.0,6.94,4.29,1,2000,19.477,82.964,71.335,83.462,50.595,0,0,Rounds 6-7,0,0,0,1,0,0,0.16495230286214113,20,36.77685950413223,42.5531914893617
2025,WR,Skill,Tennessee,SEC,76.625,205,9.5,32.125,79.0,4.3,33.0,20,126.0,7.05,4.03,1,1915,20.786,83.706,67.16,87.119,52.677,0,0,Rounds 4-5,0,0,1,0,0,1,0.1645489927877914,21,37.1900826446281,44.680851063829785
2024,OT,OL,Howard,MEAC,79.75,353,9.75,35.125,85.5,5.35,27.5,31,105.0,7.5,4.41,1,1743,10.624,67.994,66.593,60.836,53.823,0,0,Undrafted,0,0,0,0,1,0,0.16438580435061728,21,37.60330578512397,44.680851063829785
2023,WR,Skill,North Carolina,ACC,69.0,179,9.25,30.375,73.375,4.48,38.5,13,131.0,6.91,4.29,1,1559,6.195,60.099,78.452,30.968,61.95,0,0,Rounds 2-3,0,1,0,0,0,0,0.16277754832136115,21,38.01652892561984,44.680851063829785
2024,LB,LB,Michigan,Big Ten,71.375,233,8.5,32.125,78.0,4.62,34.5,18,119.0,7.26,4.63,0,2210,27.625,94.395,88.226,91.352,54.858,0,0,Rounds 6-7,0,0,0,1,0,0,0.1624232745987178,21,38.429752066115704,44.680851063829785
2025,DL,DL,Texas,SEC,77.625,332,10.0,34.5,85.0,4.28,26.0,11,96.0,6.65,4.97,1,2042,26.107,88.25,73.85,92.32,35.538,0,0,Rounds 2-3,0,1,0,0,0,0,0.1623605734764379,21,38.84297520661157,44.680851063829785
2025,WR,Skill,Oregon,Big Ten,74.125,205,9.75,31.5,78.5,4.57,32.0,12,123.0,7.04,4.54,1,2040,21.125,85.854,85.403,73.779,53.859,1,0,Undrafted,0,0,0,0,1,0,0.16171041816270476,21,39.25619834710744,44.680851063829785
2023,EDGE,DL,Iowa St.,Big 12,74.5,269,9.25,33.75,82.0,4.68,33.0,20,117.0,7.43,4.52,1,1554,6.28,57.494,40.857,78.383,33.853,0,0,Undrafted,0,0,0,0,1,0,0.1600816806651036,21,39.66942148760331,44.680851063829785
2023,RB,Skill,Georgia,SEC,72.25,204,9.0,30.5,76.375,4.62,35.5,20,122.0,7.11,4.57,1,2300,29.908,93.511,90.791,87.647,45.406,0,0,Rounds 6-7,0,0,0,1,0,0,0.16000502668785022,21,40.082644628099175,44.680851063829785
2024,OT,OL,Arizona,Pac-12,77.0,311,10.875,32.875,81.375,5.04,28.0,27,110.0,8.02,4.72,1,1822,11.44,73.172,77.614,56.651,58.122,0,0,Round 1,1,0,0,0,0,0,0.15992205050962283,21,40.49586776859504,44.680851063829785
2025,CB,Secondary,Iowa State,Big 12,74.875,195,9.0,31.125,80.0,4.3,36.5,11,131.0,6.71,4.04,1,1675,10.15,66.812,63.385,63.427,52.51,0,0,Rounds 2-3,0,1,0,0,0,0,0.15963340182434255,21,40.909090909090914,44.680851063829785
2024,IOL,OL,Michigan,Big Ten,76.125,309,10.625,35.0,84.75,5.15,29.5,28,109.0,7.7,4.61,0,2210,27.625,94.395,88.226,91.352,54.858,0,0,Rounds 6-7,0,0,0,1,0,0,0.15939575005488332,21,41.32231404958678,44.680851063829785
2023,IOL,OL,Clemson,ACC,74.25,303,9.5,34.0,81.0,4.99,28.5,20,108.0,7.7,4.81,1,1843,17.553,74.958,64.744,77.07,48.641,0,0,Rounds 4-5,0,0,1,0,0,1,0.15857441157355928,22,41.735537190082646,46.808510638297875
2025,DL,DL,Nebraska,Big Ten,77.125,288,10.0,32.25,79.0,4.83,33.5,28,119.0,7.58,4.5,1,1537,6.154,64.984,58.011,69.664,41.381,0,0,Rounds 4-5,0,0,1,0,0,1,0.15856749769174477,23,42.14876033057851,48.93617021276596
2024,CB,Secondary,Pittsburgh,ACC,70.75,186,8.75,32.875,78.25,4.45,38.5,15,124.0,7.12,4.35,1,1404,-0.369,43.622,32.282,60.013,38.896,0,0,Rounds 6-7,0,0,0,1,0,0,0.1581480454680983,23,42.561983471074385,48.93617021276596
2023,CB,Secondary,Michigan,Big Ten,71.25,178,9.625,30.75,73.375,4.26,38.5,12,131.0,6.51,4.28,1,2124,23.62,85.085,79.485,79.2,57.128,1,0,Rounds 2-3,0,1,0,0,0,0,0.15784574372858373,23,42.97520661157025,48.93617021276596
2023,OT,OL,Florida,SEC,77.0,306,10.0,34.0,81.125,5.15,30.0,20,108.0,7.6,4.69,0,1581,7.555,60.994,69.396,49.078,49.533,0,0,Undrafted,0,0,0,0,1,0,0.15777969697565192,23,43.388429752066116,48.93617021276596
2023,TE,Skill,Cincinnati,AAC,78.5,248,9.5,31.5,77.375,4.69,33.5,21,115.0,7.42,4.29,1,1690,6.451,60.989,44.607,64.989,69.829,0,0,Rounds 4-5,0,0,1,0,0,1,0.1563345565832324,24,43.80165289256198,51.06382978723404
2023,EDGE,DL,San Jose St.,Mountain West,76.0,276,9.0,33.0,77.375,4.74,34.0,24,118.0,7.5,4.52,1,1444,-5.871,37.879,45.968,41.711,27.738,0,0,Rounds 4-5,0,0,1,0,0,1,0.15581422882650603,25,44.214876033057855,53.191489361702125
2025,CB,Secondary,Ohio State,Big Ten,72.125,195,8.5,30.625,76.125,4.42,29.5,24,121.7,6.65,4.03,0,2211,24.823,87.333,80.443,83.601,49.523,1,0,Rounds 6-7,0,0,0,1,0,0,0.15570634344553147,25,44.62809917355372,53.191489361702125
2025,WR,Skill,Stanford,ACC,73.75,206,10.0,32.375,78.375,4.44,38.5,33,127.0,6.7,4.31,1,1175,-5.299,38.36,36.975,39.874,65.408,0,0,Rounds 4-5,0,0,1,0,0,1,0.15536141292280492,26,45.04132231404959,55.319148936170215
2024,EDGE,DL,Missouri,SEC,77.125,285,10.625,34.5,84.375,4.95,35.0,21,111.0,7.44,4.84,1,1866,15.277,78.168,79.322,67.958,47.09,0,0,Round 1,1,0,0,0,0,0,0.1545549666852108,26,45.45454545454545,55.319148936170215
2025,DL,DL,Georgia Tech,ACC,77.5,321,10.25,34.75,85.125,5.14,34.5,11,111.0,6.65,4.03,1,1554,7.402,66.705,72.242,58.501,35.797,0,0,Rounds 6-7,0,0,0,1,0,0,0.15455431871588282,26,45.867768595041326,55.319148936170215
2023,RB,Skill,Utah,Pac-12,72.375,237,9.25,31.125,76.0,4.74,30.0,20,118.0,6.84,4.32,1,1915,19.146,79.905,74.866,74.068,53.378,0,0,Undrafted,0,0,0,0,1,0,0.15412020690411848,26,46.28099173553719,55.319148936170215
2025,CB,Secondary,Villanova,CAA,73.25,209,9.5,31.625,78.125,4.56,32.92,11,124.0,6.65,4.97,1,1715,10.737,66.313,60.06,66.447,50.291,0,0,Undrafted,0,0,0,0,1,0,0.1538516514925366,26,46.69421487603306,55.319148936170215
2025,IOL,OL,Iowa,Big Ten,77.75,309,10.0,32.0,77.125,5.45,28.5,33,110.0,7.78,4.63,1,1774,11.144,70.238,48.063,74.759,71.573,0,0,Rounds 6-7,0,0,0,1,0,0,0.15327356918760401,26,47.107438016528924,55.319148936170215
2024,CB,Secondary,Mississippi,SEC,72.0,183,8.5,30.75,73.75,4.38,34.5,15,125.0,6.94,4.55,1,1737,15.302,75.391,76.693,64.536,49.591,0,0,Rounds 4-5,0,0,1,0,0,1,0.15324270312449503,27,47.5206611570248,57.446808510638306
2023,CB,Secondary,Penn St.,Big Ten,71.375,203,10.125,31.25,75.75,4.65,32.5,18,119.0,7.03,4.21,1,2000,19.477,82.964,71.335,83.462,50.595,0,0,Rounds 2-3,0,1,0,0,0,0,0.15308926111598375,27,47.93388429752066,57.446808510638306
2024,K,Special Teams,Arkansas,SEC,73.0,172,9.25,30.5,73.625,4.29,39.0,13,130.0,6.69,4.06,0,1431,2.225,47.846,34.458,61.741,53.372,0,0,Rounds 6-7,0,0,0,1,0,0,0.15297561321866807,27,48.34710743801653,57.446808510638306
2023,WR,Skill,Florida,SEC,76.0,229,10.0,33.75,83.375,4.55,35.5,18,126.0,6.97,4.29,1,1581,7.555,60.994,69.396,49.078,49.533,0,0,Rounds 4-5,0,0,1,0,0,1,0.15288653933973914,28,48.760330578512395,59.57446808510638
2023,IOL,OL,UCLA,Pac-12,76.0,303,10.125,33.625,81.25,5.01,32.5,20,114.0,7.31,4.45,1,1684,8.553,65.594,81.525,44.786,34.94,0,0,Rounds 4-5,0,0,1,0,0,1,0.1525673430958907,29,49.17355371900827,61.702127659574465
2025,WR,Skill,Minnesota,Big Ten,70.75,193,9.0,30.625,74.75,4.76,37.82,12,130.0,6.78,4.07,1,1674,9.315,68.599,55.808,75.809,45.723,0,0,Rounds 6-7,0,0,0,1,0,0,0.15235006401201084,29,49.586776859504134,61.702127659574465
2024,EDGE,DL,Penn St.,Big Ten,76.375,247,9.625,33.875,81.0,4.74,34.5,23,123.0,7.42,4.6,1,2000,25.618,85.731,66.931,89.424,64.921,1,0,Rounds 2-3,0,1,0,0,0,0,0.1521503003114988,29,50.0,61.702127659574465
2025,WR,Skill,Ole Miss,SEC,71.25,196,9.125,29.375,72.5,4.37,36.5,14,119.0,6.65,4.36,1,2007,20.608,84.235,76.596,81.866,47.73,1,0,Rounds 4-5,0,0,1,0,0,1,0.15210698008230514,30,50.413223140495866,63.829787234042556
2023,OT,OL,North Carolina,ACC,76.0,309,10.0,34.0,82.75,5.15,29.5,20,108.0,7.6,4.69,0,1559,6.195,60.099,78.452,30.968,61.95,0,0,Rounds 6-7,0,0,0,1,0,0,0.1519843655092405,30,50.82644628099173,63.829787234042556
2025,WR,Skill,Georgia,SEC,70.0,185,9.25,31.375,75.625,4.4,33.5,11,120.0,6.9,4.03,1,1998,22.091,82.861,79.935,73.308,59.572,1,0,Rounds 6-7,0,0,0,1,0,0,0.1516216548345246,30,51.2396694214876,63.829787234042556
2023,WR,Skill,Maryland,Big Ten,71.25,201,8.625,31.625,76.75,4.42,33.0,20,127.0,7.01,4.47,1,1645,7.842,61.934,61.039,57.849,51.968,0,0,Undrafted,0,0,0,0,1,0,0.15127156443775594,30,51.652892561983464,63.829787234042556
2025,LB,LB,Indiana,Big Ten,72.625,218,9.534,31.626,79.875,4.38,35.0,11,127.0,7.24,4.03,1,1951,18.73,83.71,85.132,72.021,40.91,1,0,Undrafted,0,0,0,0,1,0,0.15070991136065118,30,52.066115702479344,63.829787234042556
2023,RB,Skill,Northwestern,Big Ten,70.125,209,9.25,30.625,74.375,4.47,37.0,20,123.0,6.9,4.38,1,1257,-7.588,30.34,26.742,42.636,51.301,0,0,Rounds 6-7,0,0,0,1,0,0,0.15070177094199144,30,52.47933884297521,63.829787234042556
2023,DL,DL,Mississippi St.,SEC,75.0,304,10.0,34.5,82.0,5.1,29.5,24,109.0,7.6,4.79,1,1694,13.237,75.362,59.938,76.598,66.986,0,0,Rounds 4-5,0,0,1,0,0,1,0.15043843201995113,31,52.892561983471076,65.95744680851064
2023,DL,DL,Florida,SEC,77.625,310,9.5,32.25,80.875,4.88,31.0,22,110.0,7.5,4.73,1,1581,7.555,60.994,69.396,49.078,49.533,0,0,Rounds 2-3,0,1,0,0,0,0,0.15025290356392915,31,53.30578512396694,65.95744680851064
2023,WR,Skill,Liberty,FBS Independent,68.0,179,8.75,30.25,72.5,4.44,39.5,14,134.0,6.92,4.29,1,1413,-3.902,44.748,35.822,54.191,53.85,0,0,Rounds 6-7,0,0,0,1,0,0,0.14997878996640365,31,53.71900826446281,65.95744680851064
2023,WR,Skill,Cincinnati,AAC,68.625,182,8.625,28.875,70.375,4.4,37.5,14,124.0,6.92,4.29,1,1690,6.451,60.989,44.607,64.989,69.829,0,0,Rounds 4-5,0,0,1,0,0,1,0.1490579387817943,32,54.132231404958674,68.08510638297872
2025,TE,Skill,Utah,Big 12,74.0,236,10.5,31.5,76.75,5.45,43.0,11,113.3,8.19,4.03,0,1563,5.029,60.487,30.282,79.81,59.786,0,0,Undrafted,0,0,0,0,1,0,0.14874418292390512,32,54.54545454545454,68.08510638297872
2024,DL,DL,Duke,ACC,74.375,302,10.25,33.0,79.125,4.99,32.0,27,109.0,7.95,4.75,1,1654,8.778,68.7,63.774,63.667,60.347,0,0,Rounds 2-3,0,1,0,0,0,0,0.14863351056660548,32,54.958677685950406,68.08510638297872
2023,TE,Skill,Oklahoma,Big 12,75.5,241,9.75,33.25,79.125,4.68,32.0,20,117.0,7.3,4.36,1,1662,9.969,66.271,71.907,54.872,48.16,0,0,Rounds 6-7,0,0,0,1,0,0,0.14842009945858656,32,55.371900826446286,68.08510638297872
2024,C,OL,Michigan,Big Ten,73.5,298,9.0,33.0,78.25,5.23,29.5,25,101.0,7.33,4.5,1,2210,27.625,94.395,88.226,91.352,54.858,0,0,Undrafted,0,0,0,0,1,0,0.14833702310726768,32,55.78512396694215,68.08510638297872
2025,WR,Skill,Ole Miss,SEC,74.375,205,9.5,31.75,78.25,4.54,38.5,15,125.0,6.93,4.05,1,2007,20.608,84.235,76.596,81.866,47.73,1,1,Rounds 2-3,0,1,0,0,0,0,0.14817359943588637,32,56.19834710743802,68.08510638297872
2024,DL,DL,Texas,Big 12,76.5,366,10.125,33.25,81.25,5.27,26.0,27,98.0,8.74,5.46,1,2025,23.196,86.583,76.615,83.977,60.972,1,1,Rounds 2-3,0,1,0,0,0,0,0.1478381267721337,32,56.611570247933884,68.08510638297872
2025,S,Secondary,Nevada,Mountain West,70.625,202,9.5,31.0,75.25,4.41,41.5,18,128.0,6.65,4.14,1,1192,-8.417,32.498,47.2,30.419,32.833,0,0,Rounds 6-7,0,0,0,1,0,0,0.14738433045929678,32,57.02479338842975,68.08510638297872
2023,CB,Secondary,Iowa,Big Ten,72.0,205,9.25,31.875,77.125,4.62,35.5,18,118.0,6.99,4.17,1,1748,7.409,67.111,21.369,88.288,70.495,0,0,Undrafted,0,0,0,0,1,0,0.14683559120431366,32,57.438016528925615,68.08510638297872
2023,OT,OL,Kansas,Big 12,77.75,309,9.5,34.125,80.75,5.05,31.0,20,111.0,7.6,4.69,1,1373,3.37,60.21,82.028,38.063,37.048,0,0,Undrafted,0,0,0,0,1,0,0.14676137408759551,32,57.85123966942148,68.08510638297872
2024,DL,DL,Miami,ACC,75.5,303,9.0,33.875,80.625,5.12,30.0,27,109.0,7.81,4.75,1,1580,11.169,68.436,66.666,63.176,51.762,0,0,Undrafted,0,0,0,0,1,0,0.14616059810718912,32,58.26446280991735,68.08510638297872
2024,EDGE,DL,Charlotte,AAC,76.5,260,9.5,33.5,79.375,4.65,34.5,23,121.0,7.17,4.36,0,1055,-14.993,22.913,17.6,42.495,39.432,0,0,Undrafted,0,0,0,0,1,0,0.1461239567878429,32,58.67768595041323,68.08510638297872
2024,C,OL,Michigan St.,Big Ten,76.0,307,9.75,32.75,79.0,5.17,31.5,27,107.0,7.41,4.29,0,1338,-3.512,38.745,32.821,44.666,62.478,0,0,Rounds 6-7,0,0,0,1,0,0,0.1455903317494571,32,59.09090909090909,68.08510638297872
2023,CB,Secondary,Notre Dame,FBS Independent,72.375,202,9.0,30.875,74.75,4.62,30.5,17,118.0,7.08,4.23,1,1850,12.6,69.601,59.985,66.897,66.833,0,0,Undrafted,0,0,0,0,1,0,0.14546356028535687,32,59.50413223140496,68.08510638297872
2025,EDGE,DL,Brigham Young,Big 12,77.625,271,9.375,33.125,81.0,4.78,34.0,27,120.0,7.21,4.54,1,1717,9.307,74.278,67.062,70.631,58.08,0,0,Undrafted,0,0,0,0,1,0,0.14519802468495369,32,59.917355371900825,68.08510638297872
2024,WR,Skill,Mississippi St.,SEC,70.0,181,9.125,30.625,72.75,4.43,35.5,14,124.0,7.0,4.35,1,1421,0.859,45.573,31.326,62.302,47.192,0,0,Undrafted,0,0,0,0,1,0,0.14508312473213075,32,60.33057851239669,68.08510638297872
2024,EDGE,DL,Washington St.,Pac-12,75.875,264,9.75,32.75,78.75,4.69,33.5,21,114.0,7.07,4.48,1,1546,3.221,62.169,54.667,62.054,59.872,0,0,Rounds 4-5,0,0,1,0,0,1,0.14481890741272596,33,60.74380165289256,70.2127659574468
2023,EDGE,DL,Appalachian St.,Sun Belt,74.25,236,9.5,33.625,80.625,4.58,35.5,23,120.0,7.07,4.45,1,1593,0.411,45.95,62.053,35.887,34.024,0,0,Rounds 6-7,0,0,0,1,0,0,0.1447681558340243,33,61.15702479338842,70.2127659574468
2025,DL,DL,Texas A&M,SEC,75.125,290,10.25,33.5,81.125,5.45,43.0,33,138.0,6.65,4.97,0,1762,14.297,76.763,68.737,71.579,64.836,1,0,Rounds 2-3,0,1,0,0,0,0,0.1446159264213447,33,61.57024793388429,70.2127659574468
2023,DL,DL,Georgia,SEC,75.0,314,10.25,33.5,81.0,5.13,29.0,25,106.0,7.65,4.82,0,2300,29.908,93.511,90.791,87.647,45.406,0,1,Round 1,1,0,0,0,0,0,0.144152247223027,33,61.98347107438017,70.2127659574468
2023,QB,Skill,UCLA,Pac-12,73.625,203,9.875,30.625,74.75,4.56,32.5,20,121.0,7.28,4.44,1,1684,8.553,65.594,81.525,44.786,34.94,0,0,Rounds 4-5,0,0,1,0,0,1,0.14351478611627796,34,62.396694214876035,72.3404255319149
2025,WR,Skill,TCU,Big 12,73.25,214,9.0,31.5,75.0,4.52,34.5,19,125.0,6.84,4.21,1,1700,8.023,67.255,69.28,58.063,52.483,0,0,Rounds 2-3,0,1,0,0,0,0,0.1432359058833685,34,62.8099173553719,72.3404255319149
2024,IOL,OL,Texas A&M,SEC,75.5,302,10.5,34.625,81.5,5.13,26.5,27,111.0,7.67,4.58,1,1772,15.36,75.057,65.814,76.34,50.751,0,0,Rounds 4-5,0,0,1,0,0,1,0.14270665182250716,35,63.22314049586777,74.46808510638297
2025,LB,LB,Utah,Big 12,134.75,231,10.067,31.482,74.5,4.68,29.53,11,123.3,7.09,4.03,0,1563,5.029,60.487,30.282,79.81,59.786,0,0,Undrafted,0,0,0,0,1,0,0.14193143588253065,35,63.63636363636363,74.46808510638297
2025,EDGE,DL,Baylor,Big 12,75.75,242,9.0,34.25,81.25,5.45,32.5,21,124.0,6.65,4.97,1,1656,9.105,70.789,70.321,56.691,72.021,0,0,Undrafted,0,0,0,0,1,0,0.14162726967998063,35,64.0495867768595,74.46808510638297
2023,EDGE,DL,Oregon,Pac-12,76.0,260,9.0,33.25,80.125,4.49,32.0,28,110.0,7.37,4.44,1,1724,14.225,78.17,81.614,63.631,42.699,0,0,Rounds 2-3,0,1,0,0,0,0,0.14145228786038982,35,64.46280991735537,74.46808510638297
2024,OT,OL,Oregon St.,Pac-12,77.75,324,10.125,33.125,80.625,5.13,32.0,30,111.0,7.81,4.63,1,1722,13.996,79.392,79.074,67.781,54.727,0,1,Round 1,1,0,0,0,0,0,0.14079317589507478,35,64.87603305785123,74.46808510638297
2023,K,Special Teams,Georgia,SEC,72.0,194,9.125,29.625,74.375,4.58,34.0,20,121.0,7.27,4.44,0,2300,29.908,93.511,90.791,87.647,45.406,0,0,Undrafted,0,0,0,0,1,0,0.14057629818190115,35,65.28925619834712,74.46808510638297
2024,OT,OL,Penn St.,Big Ten,76.875,314,10.75,34.0,82.625,5.15,31.0,30,116.0,7.92,4.64,1,2000,25.618,85.731,66.931,89.424,64.921,1,0,Rounds 2-3,0,1,0,0,0,0,0.14020168560865642,35,65.70247933884298,74.46808510638297
2023,LB,LB,Pittsburgh,ACC,72.5,226,10.625,32.875,78.875,4.56,33.0,19,119.0,7.35,4.4,1,1687,7.918,61.732,46.268,72.6,50.534,0,0,Rounds 4-5,0,0,1,0,0,1,0.13933014238060287,36,66.11570247933885,76.59574468085107
2024,IOL,OL,Arkansas,SEC,77.25,304,9.5,32.75,77.875,5.31,29.0,26,110.0,7.57,4.47,1,1431,2.225,47.846,34.458,61.741,53.372,0,0,Undrafted,0,0,0,0,1,0,0.1392811082589426,36,66.52892561983471,76.59574468085107
2025,EDGE,DL,Boston College,ACC,74.5,248,9.25,34.0,82.75,4.28,35.5,22,119.0,6.94,4.19,1,1513,4.829,61.35,56.657,64.403,40.228,0,0,Rounds 2-3,0,1,0,0,0,0,0.1386477747853528,36,66.94214876033058,76.59574468085107
2025,RB,Skill,Oregon,Big Ten,69.5,205,9.5,29.625,73.75,4.55,37.18,33,115.6,7.03,4.03,1,2040,21.125,85.854,85.403,73.779,53.859,1,0,Rounds 4-5,0,0,1,0,0,1,0.13848864558896096,37,67.35537190082644,78.72340425531915
2025,CB,Secondary,California,ACC,70.75,189,8.75,29.625,75.0,4.45,37.75,11,122.3,6.65,4.97,1,1529,4.302,57.687,45.477,64.264,58.117,0,0,Rounds 6-7,0,0,0,1,0,0,0.13843497438841007,37,67.76859504132231,78.72340425531915
2023,C,OL,Arkansas,SEC,75.0,306,9.75,33.25,79.625,5.26,32.5,20,111.0,7.52,4.43,1,1686,6.93,62.299,69.2,48.112,56.255,0,0,Rounds 4-5,0,0,1,0,0,1,0.13799463536853768,38,68.18181818181817,80.85106382978722
2025,OT,OL,Texas,SEC,77.125,315,10.375,33.5,84.375,5.16,32.0,14,104.0,7.81,4.66,1,2042,26.107,88.25,73.85,92.32,35.538,0,1,Round 1,1,0,0,0,0,0,0.13622673983282596,38,68.59504132231406,80.85106382978722
2023,EDGE,DL,Florida,SEC,75.875,250,9.25,33.125,80.75,4.82,33.0,24,115.0,7.22,4.44,1,1581,7.555,60.994,69.396,49.078,49.533,0,0,Undrafted,0,0,0,0,1,0,0.13577064270277148,38,69.00826446280992,80.85106382978722
2024,CB,Secondary,South Dakota,MVFC,70.875,195,9.375,29.875,74.0,4.5,35.5,13,118.0,6.88,3.98,1,1729,10.639,66.998,59.904,66.911,53.148,0,0,Rounds 6-7,0,0,0,1,0,0,0.13544220110774458,38,69.42148760330579,80.85106382978722
2024,RB,Skill,Clemson,ACC,71.0,206,9.625,30.25,74.125,4.51,35.0,22,122.0,6.82,4.23,0,1764,13.892,72.489,48.101,90.04,37.087,1,0,Rounds 4-5,0,0,1,0,0,1,0.13532080513079958,39,69.83471074380165,82.97872340425532
2025,DL,DL,Alabama,SEC,76.375,302,10.375,33.0,81.625,4.28,24.5,33,138.0,6.65,4.6,0,1986,23.933,85.057,77.281,79.955,59.628,1,0,Rounds 6-7,0,0,0,1,0,0,0.13483091279275683,39,70.24793388429752,82.97872340425532
2023,WR,Skill,Purdue,Big Ten,71.375,175,9.0,31.625,74.0,4.43,36.5,13,124.0,6.91,4.29,1,1460,4.283,58.947,63.872,51.004,46.438,0,0,Rounds 4-5,0,0,1,0,0,1,0.13457994553604818,40,70.66115702479338,85.1063829787234
2025,DL,DL,Ohio State,Big Ten,74.875,299,10.125,32.25,78.625,4.28,24.5,33,93.0,8.19,4.97,0,2211,24.823,87.333,80.443,83.601,49.523,1,0,Rounds 4-5,0,0,1,0,0,1,0.13453616800991283,41,71.07438016528926,87.2340425531915
2024,IOL,OL,Utah,Pac-12,76.5,321,10.0,32.5,79.5,5.38,29.5,27,101.0,7.95,4.9,1,1684,10.768,65.114,50.684,74.826,48.257,0,0,Undrafted,0,0,0,0,1,0,0.1342397864283734,41,71.48760330578511,87.2340425531915
2024,RB,Skill,TCU,Big 12,67.375,202,9.75,29.875,70.75,4.61,33.5,22,116.0,6.87,4.23,1,1631,9.511,59.244,64.411,51.426,45.245,0,0,Undrafted,0,0,0,0,1,0,0.1341843761664878,41,71.900826446281,87.2340425531915
2024,S,Secondary,Miami,ACC,76.25,231,9.5,33.625,80.25,4.65,30.0,17,117.0,6.69,3.5,1,1580,11.169,68.436,66.666,63.176,51.762,0,0,Rounds 6-7,0,0,0,1,0,0,0.13298534193960565,41,72.31404958677686,87.2340425531915
2023,IOL,OL,USC,Pac-12,78.0,310,10.0,32.125,77.75,5.22,29.0,20,105.0,7.9,4.79,1,1745,13.164,77.414,90.693,44.38,43.862,0,0,Rounds 6-7,0,0,0,1,0,0,0.1324633951474865,41,72.72727272727273,87.2340425531915
2023,OT,OL,Boise St.,Mountain West,77.75,309,10.75,34.0,83.625,5.24,28.5,20,104.0,7.52,4.52,1,1712,3.797,52.954,41.976,64.425,46.27,0,0,Undrafted,0,0,0,0,1,0,0.13165853339216352,41,73.14049586776859,87.2340425531915
2023,C,OL,Penn St.,Big Ten,75.25,301,10.25,33.25,81.75,5.22,32.0,20,102.0,7.75,4.82,1,2000,19.477,82.964,71.335,83.462,50.595,0,0,Rounds 2-3,0,1,0,0,0,0,0.1313852725400401,41,73.55371900826447,87.2340425531915
2023,WR,Skill,Iowa St.,Big 12,73.875,203,9.375,31.375,74.875,4.53,36.0,17,116.0,6.91,4.35,1,1554,6.28,57.494,40.857,78.383,33.853,0,0,Rounds 6-7,0,0,0,1,0,0,0.13098351620954674,41,73.96694214876032,87.2340425531915
2023,WR,Skill,East Carolina,AAC,73.5,224,10.25,32.0,78.5,4.56,36.0,20,125.0,6.96,4.29,0,1509,1.775,54.675,70.734,39.058,37.309,0,0,Undrafted,0,0,0,0,1,0,0.1299625479046673,41,74.3801652892562,87.2340425531915
2023,RB,Skill,Texas,Big 12,71.0,215,9.75,31.125,74.75,4.46,37.0,20,124.0,6.77,4.26,1,1900,19.379,79.1,73.758,70.57,66.449,1,1,Round 1,1,0,0,0,0,0,0.1288875470932087,41,74.79338842975206,87.2340425531915
2025,DL,DL,Maryland,Big Ten,75.75,306,10.0,33.5,82.625,5.09,28.0,11,103.0,8.19,4.03,1,1407,-0.535,43.23,46.603,47.026,35.755,0,0,Rounds 6-7,0,0,0,1,0,0,0.12849301115007722,41,75.20661157024794,87.2340425531915
2023,TE,Skill,Wake Forest,ACC,75.75,247,8.75,32.125,79.375,4.7,35.5,20,115.0,7.42,4.3,1,1663,7.586,64.28,73.512,49.277,46.02,0,0,Undrafted,0,0,0,0,1,0,0.12819457089776956,41,75.6198347107438,87.2340425531915
2023,IOL,OL,Duluth/University of Minnesota,NSIC,76.0,304,9.75,32.375,78.75,5.2,29.0,20,109.0,7.77,4.75,0,1819,14.599,74.563,74.162,65.921,50.606,0,0,Undrafted,0,0,0,0,1,0,0.12794375248552203,41,76.03305785123968,87.2340425531915
2024,RB,Skill,Georgia,SEC,69.625,207,9.5,29.75,73.0,4.56,32.5,22,114.0,6.95,4.24,1,2273,24.777,87.417,88.149,74.455,48.128,1,0,Undrafted,0,0,0,0,1,0,0.1272664623367753,41,76.44628099173553,87.2340425531915
2023,LB,LB,Iowa,Big Ten,76.625,249,10.25,31.875,78.25,4.65,37.5,29,128.0,6.74,4.24,1,1748,7.409,67.111,21.369,88.288,70.495,0,1,Round 1,1,0,0,0,0,0,0.12693052237818347,41,76.85950413223141,87.2340425531915
2023,CB,Secondary,Alabama,SEC,71.625,190,9.5,30.75,78.125,4.58,34.5,14,125.0,6.51,4.3,1,2181,27.296,89.526,85.539,81.093,61.676,1,1,Rounds 2-3,0,1,0,0,0,0,0.12575098432418141,41,77.27272727272727,87.2340425531915
2024,TE,Skill,Colorado St.,Mountain West,75.375,241,10.25,33.625,78.125,4.78,32.5,28,122.0,6.83,4.21,1,1276,-11.774,30.563,28.491,37.664,56.051,0,0,Undrafted,0,0,0,0,1,0,0.12560730046998345,41,77.68595041322314,87.2340425531915
2023,EDGE,DL,Clemson,ACC,77.0,268,8.5,33.75,81.25,4.62,32.0,25,117.0,7.36,4.44,1,1843,17.553,74.958,64.744,77.07,48.641,0,1,Round 1,1,0,0,0,0,0,0.12548876640612583,41,78.099173553719,87.2340425531915
2024,WR,Skill,Florida St.,ACC,75.25,213,9.375,32.125,78.125,4.61,38.0,15,127.0,6.84,4.1,1,1789,19.915,83.68,70.051,84.429,58.266,0,1,Rounds 2-3,0,1,0,0,0,0,0.12538725180652377,41,78.51239669421489,87.2340425531915
2024,CB,Secondary,Washington St.,Pac-12,69.75,184,9.125,30.25,72.375,4.54,34.5,18,125.0,7.05,4.32,1,1546,3.221,62.169,54.667,62.054,59.872,0,0,Rounds 4-5,0,0,1,0,0,1,0.12478839646109377,42,78.92561983471074,89.36170212765957
2025,RB,Skill,South Carolina,SEC,72.0,217,9.25,31.5,76.25,4.46,36.5,33,117.1,7.28,4.03,1,1810,14.834,76.206,60.762,80.864,51.02,0,0,Undrafted,0,0,0,0,1,0,0.12409166085675774,42,79.33884297520662,89.36170212765957
2024,CB,Secondary,Missouri,SEC,71.375,179,8.625,31.0,74.625,4.44,33.5,15,123.0,6.94,4.58,1,1866,15.277,78.168,79.322,67.958,47.09,0,0,Rounds 4-5,0,0,1,0,0,1,0.12357786794188019,43,79.75206611570248,91.48936170212765
2023,EDGE,DL,Louisiana,Sun Belt,76.5,248,10.0,34.25,81.25,4.67,29.0,23,116.0,7.35,4.44,1,1556,-2.136,45.745,34.883,52.541,66.931,0,0,Rounds 6-7,0,0,0,1,0,0,0.12338626042683787,43,80.16528925619835,91.48936170212765
2023,RB,Skill,Auburn,SEC,71.625,210,9.5,32.0,76.625,4.56,32.5,20,119.0,7.23,4.68,1,1596,6.205,55.022,47.067,62.103,45.36,0,0,Rounds 2-3,0,1,0,0,0,0,0.12314597518696205,43,80.57851239669421,91.48936170212765
2024,IOL,OL,Maryland,Big Ten,76.125,308,9.875,33.0,80.625,5.01,26.5,28,112.0,7.64,4.61,1,1695,8.085,66.299,64.78,61.709,49.654,0,0,Undrafted,0,0,0,0,1,0,0.12274560864180756,43,80.99173553719008,91.48936170212765
2023,RB,Skill,Tulsa,AAC,71.75,216,9.25,31.25,75.0,4.41,35.5,20,124.0,6.83,4.31,1,1378,-4.107,43.074,50.493,42.491,37.352,0,0,Undrafted,0,0,0,0,1,0,0.12171957154097512,43,81.40495867768594,91.48936170212765
2023,RB,Skill,Appalachian St.,Sun Belt,73.375,217,9.75,32.625,78.625,4.61,37.0,20,121.0,6.85,4.33,1,1593,0.411,45.95,62.053,35.887,34.024,0,0,Undrafted,0,0,0,0,1,0,0.12060028985688248,43,81.81818181818183,91.48936170212765
2025,OT,OL,Boston College,ACC,80.125,316,10.375,33.0,81.0,5.21,24.5,22,106.0,7.71,4.7,1,1513,4.829,61.35,56.657,64.403,40.228,0,0,Rounds 2-3,0,1,0,0,0,0,0.11954287889715715,43,82.23140495867769,91.48936170212765
2025,WR,Skill,Texas Tech,Big 12,72.625,186,10.5,30.75,76.625,4.7,33.0,14,121.0,7.02,4.97,1,1607,6.204,57.272,59.502,48.684,59.274,1,0,Undrafted,0,0,0,0,1,0,0.11819113093792541,43,82.64462809917356,91.48936170212765
2023,IOL,OL,Tennessee-Chattanooga,SoCon,78.0,324,10.25,35.0,83.875,5.24,26.5,20,105.0,7.7,4.97,1,1738,11.336,69.68,68.952,64.29,44.371,0,0,Undrafted,0,0,0,0,1,0,0.1167916536000422,43,83.05785123966942,91.48936170212765
2024,C,OL,Duke,ACC,75.0,308,10.0,32.375,79.0,5.09,29.5,28,108.0,7.41,4.01,1,1654,8.778,68.7,63.774,63.667,60.347,0,0,Rounds 6-7,0,0,0,1,0,0,0.11610705775202348,43,83.47107438016529,91.48936170212765
2025,RB,Skill,Arizona State,Big 12,69.5,219,9.375,29.75,73.875,4.65,39.5,17,123.0,7.37,4.97,1,1801,11.793,78.233,79.692,66.688,47.348,0,0,Rounds 4-5,0,0,1,0,0,1,0.115918413547516,44,83.88429752066115,93.61702127659575
2025,WR,Skill,Pittsburgh,ACC,71.375,186,8.5,29.375,74.375,4.59,36.0,19,124.0,7.37,4.03,1,1456,3.991,55.816,49.345,57.768,56.475,0,0,Rounds 6-7,0,0,0,1,0,0,0.11500355854067212,44,84.29752066115702,93.61702127659575
2023,IOL,OL,Old Dominion,Sun Belt,78.25,318,10.25,33.25,81.25,5.21,31.0,20,111.0,7.57,4.69,1,1314,-10.538,30.819,27.542,38.624,55.322,0,0,Rounds 4-5,0,0,1,0,0,1,0.11437896924020896,45,84.71074380165288,95.74468085106383
2024,P,Special Teams,BYU,Big 12,76.375,235,8.875,31.25,76.375,4.63,35.5,19,123.0,7.05,4.31,0,1364,-1.805,52.478,36.286,62.31,60.603,0,0,Undrafted,0,0,0,0,1,0,0.11395504719946564,45,85.12396694214877,95.74468085106383
2023,RB,Skill,Kentucky,SEC,72.0,217,8.625,30.625,73.625,4.55,34.5,20,122.0,6.92,4.4,0,1606,5.824,59.284,46.761,72.541,34.773,0,0,Rounds 6-7,0,0,0,1,0,0,0.11359222707298217,45,85.53719008264463,95.74468085106383
2025,WR,Skill,Virginia Tech,ACC,76.25,213,9.0,32.25,79.125,4.5,32.5,18,122.0,7.1,4.3,1,1647,8.853,70.514,55.299,74.421,59.153,0,0,Undrafted,0,0,0,0,1,0,0.11286526207158032,45,85.9504132231405,95.74468085106383
2023,CB,Secondary,Coastal Carolina,Sun Belt,74.0,200,9.75,32.375,78.125,4.48,37.0,13,124.0,6.83,4.3,1,1344,-6.531,40.095,54.955,32.539,40.387,0,0,Undrafted,0,0,0,0,1,0,0.11256544497468021,45,86.36363636363636,95.74468085106383
2025,IOL,OL,West Virginia,Big 12,78.5,313,10.25,32.125,79.5,5.27,30.0,33,108.0,8.19,4.69,1,1455,1.795,52.984,64.597,35.526,62.429,0,0,Rounds 2-3,0,1,0,0,0,0,0.11217244895384462,45,86.77685950413223,95.74468085106383
2025,WR,Skill,Ohio State,Big Ten,72.875,202,9.5,31.5,76.625,4.54,37.82,11,125.3,7.41,4.55,0,2211,24.823,87.333,80.443,83.601,49.523,1,1,Round 1,1,0,0,0,0,0,0.11190994346101835,45,87.19008264462809,95.74468085106383
2023,RB,Skill,USC,Pac-12,70.0,201,9.25,27.125,70.25,4.46,35.5,20,122.0,7.16,4.61,0,1745,13.164,77.414,90.693,44.38,43.862,0,0,Undrafted,0,0,0,0,1,0,0.11044956021652261,45,87.60330578512396,95.74468085106383
2025,WR,Skill,Colorado,Big 12,68.125,174,8.625,30.375,74.5,4.46,38.0,27,128.0,6.65,4.41,1,1701,12.691,74.938,72.644,69.84,45.06,0,0,Rounds 6-7,0,0,0,1,0,0,0.11017997699894255,45,88.01652892561982,95.74468085106383
2024,C,OL,Duke,ACC,77.375,313,9.375,32.875,79.75,5.2,31.0,27,105.0,7.41,4.24,0,1654,8.778,68.7,63.774,63.667,60.347,0,0,Round 1,1,0,0,0,0,0,0.10864297573992793,45,88.42975206611571,95.74468085106383
2024,RB,Skill,Louisville,ACC,69.5,193,8.5,30.125,71.0,4.56,34.5,22,121.0,6.65,4.22,1,1688,11.36,72.759,63.856,75.697,45.123,0,0,Rounds 6-7,0,0,0,1,0,0,0.10773224595703201,45,88.84297520661157,95.74468085106383
2025,WR,Skill,Texas,SEC,71.0,191,9.5,30.5,76.375,4.29,27.78,11,115.1,6.65,4.03,1,2042,26.107,88.25,73.85,92.32,35.538,0,0,Round 1,1,0,0,0,0,0,0.10756271803172807,45,89.25619834710744,95.74468085106383
2023,C,OL,Minnesota,Big Ten,75.5,301,9.5,32.625,78.375,5.35,29.5,20,104.0,7.68,4.56,1,1758,11.422,72.43,66.077,73.504,40.834,0,0,Rounds 2-3,0,1,0,0,0,0,0.10692498675000889,45,89.6694214876033,95.74468085106383
2025,DL,DL,Arkansas,SEC,75.25,319,9.5,33.0,81.25,5.14,27.0,28,108.0,7.68,4.97,1,1611,8.19,65.787,60.714,66.155,45.94,0,0,Undrafted,0,0,0,0,1,0,0.10511754242942267,45,90.08264462809917,95.74468085106383
2023,CB,Secondary,Oregon,Pac-12,73.375,197,9.5,32.0,76.875,4.38,41.5,14,133.0,6.89,4.26,1,1724,14.225,78.17,81.614,63.631,42.699,0,1,Round 1,1,0,0,0,0,0,0.10396859904388289,45,90.49586776859503,95.74468085106383
2025,TE,Skill,LSU,SEC,77.125,251,10.0,33.25,78.75,4.28,24.5,33,110.7,6.65,4.97,0,1827,13.515,71.849,75.763,61.497,39.011,0,0,Rounds 2-3,0,1,0,0,0,0,0.10333481063906044,45,90.9090909090909,95.74468085106383
2025,LB,LB,Florida,SEC,73.0,222,8.5,31.5,77.75,4.69,32.0,11,117.0,7.09,4.27,1,1767,11.901,71.717,58.466,70.419,67.15,0,0,Rounds 4-5,0,0,1,0,0,1,0.10326980127003926,46,91.32231404958677,97.87234042553192
2025,EDGE,DL,Alabama,SEC,76.25,243,9.5,33.5,80.125,5.05,43.0,23,138.0,8.19,4.97,0,1986,23.933,85.057,77.281,79.955,59.628,1,0,Rounds 4-5,0,0,1,0,0,1,0.10280843828473951,47,91.73553719008265,100.0
2023,RB,Skill,East Carolina,AAC,67.875,179,9.25,30.75,74.75,4.37,38.0,20,126.0,7.33,4.77,1,1509,1.775,54.675,70.734,39.058,37.309,0,0,Undrafted,0,0,0,0,1,0,0.10188237718880516,47,92.14876033057851,100.0
2024,DL,DL,Auburn,SEC,74.375,286,9.625,32.0,78.25,5.06,29.5,27,103.0,6.81,4.6,1,1585,8.916,67.536,49.076,72.965,65.063,0,0,Rounds 6-7,0,0,0,1,0,0,0.10182141126222764,47,92.56198347107438,100.0
2025,IOL,OL,Clemson,ACC,77.25,321,9.0,32.625,80.875,5.45,24.5,11,113.3,6.77,4.03,0,1807,14.768,79.193,79.078,73.333,36.319,0,0,Undrafted,0,0,0,0,1,0,0.10173602728168421,47,92.97520661157024,100.0
2024,C,OL,Oklahoma,Big 12,76.0,314,10.0,32.5,78.75,5.42,24.5,24,95.0,7.41,4.33,1,1930,22.492,84.142,84.36,76.697,33.868,0,0,Undrafted,0,0,0,0,1,0,0.10164891991416729,47,93.38842975206612,100.0
2024,LB,LB,Missouri,SEC,73.75,231,8.875,31.375,77.75,4.62,34.0,18,118.0,7.23,4.5,0,1866,15.277,78.168,79.322,67.958,47.09,0,0,Rounds 2-3,0,1,0,0,0,0,0.10144663390142714,47,93.80165289256198,100.0
2023,IOL,OL,Washington,Pac-12,77.75,306,10.75,34.0,81.125,5.5,28.0,20,101.0,8.34,4.97,1,1760,11.472,73.944,84.016,49.984,45.242,1,0,Undrafted,0,0,0,0,1,0,0.10113561634165126,47,94.21487603305785,100.0
2025,WR,Skill,Missouri,SEC,75.0,200,9.5,32.125,78.375,4.56,31.0,17,117.0,6.84,4.03,1,1711,12.197,68.028,61.356,72.874,37.108,0,0,Undrafted,0,0,0,0,1,0,0.10074998474468562,47,94.62809917355372,100.0
2023,LB,LB,TCU,Big 12,71.0,227,8.625,31.625,75.0,4.49,30.5,20,117.0,7.44,4.42,1,1729,14.378,80.5,80.39,69.518,54.974,0,0,Rounds 6-7,0,0,0,1,0,0,0.09727401842560905,47,95.0413223140496,100.0
2023,RB,Skill,TCU,Big 12,71.0,215,9.375,32.375,78.5,4.54,34.5,20,121.0,6.96,4.43,0,1729,14.378,80.5,80.39,69.518,54.974,0,0,Rounds 2-3,0,1,0,0,0,0,0.09675838556923576,47,95.45454545454545,100.0
2025,DL,DL,Utah,Big 12,75.5,308,10.5,32.5,78.75,5.03,28.5,24,93.0,8.19,4.03,1,1563,5.029,60.487,30.282,79.81,59.786,0,0,Undrafted,0,0,0,0,1,0,0.09577994281466226,47,95.86776859504133,100.0
2023,LS,Special Teams,Central Florida,AAC,76.0,240,9.625,30.375,78.375,5.06,30.0,12,114.0,7.27,4.46,1,1551,6.904,61.732,66.565,49.575,55.483,0,0,Undrafted,0,0,0,0,1,0,0.09259438991660827,47,96.28099173553719,100.0
2023,WR,Skill,Charlotte,Conference USA,74.0,201,9.5,31.875,77.875,4.57,35.0,17,125.0,6.89,4.32,1,1081,-17.759,17.839,41.399,10.816,49.466,0,0,Rounds 6-7,0,0,0,1,0,0,0.08815884497652243,47,96.69421487603306,100.0
2023,IOL,OL,Florida,SEC,77.0,330,11.25,33.875,83.875,5.31,23.5,20,101.0,7.99,4.81,1,1581,7.555,60.994,69.396,49.078,49.533,0,0,Rounds 2-3,0,1,0,0,0,0,0.08522301973000648,47,97.10743801652893,100.0
2025,CB,Secondary,Nebraska,Big Ten,72.5,213,9.0,32.75,79.5,4.38,30.44,11,116.6,8.12,4.97,0,1537,6.154,64.984,58.011,69.664,41.381,0,0,Undrafted,0,0,0,0,1,0,0.08506956282530508,47,97.52066115702479,100.0
2025,WR,Skill,San Jose St.,Mountain West,74.5,203,8.625,31.0,76.5,4.57,34.0,16,123.0,7.41,4.47,1,1477,-5.133,42.709,44.903,47.684,35.133,0,0,Undrafted,0,0,0,0,1,0,0.07864993100487847,47,97.93388429752066,100.0
2023,WR,Skill,Fresno St.,Mountain West,71.125,172,8.875,30.125,74.75,4.4,34.5,12,121.0,6.91,4.29,1,1766,3.726,61.671,58.399,57.283,60.117,0,0,Undrafted,0,0,0,0,1,0,0.0679413461351242,47,98.34710743801654,100.0
2025,QB,Skill,Miami,ACC,73.625,219,9.0,30.5,75.75,4.28,43.0,22,138.0,8.19,4.97,0,1855,17.338,77.097,87.084,52.889,41.286,1,1,Round 1,1,0,0,0,0,0,0.06336577755698158,47,98.7603305785124,100.0
2025,CB,Secondary,Western Michigan,MAC,73.25,190,9.0,30.75,75.5,4.43,26.41,16,124.0,6.65,4.03,1,1268,-10.952,37.661,53.267,24.968,62.263,0,0,Rounds 6-7,0,0,0,1,0,0,0.06036045711465722,47,99.17355371900827,100.0
2024,EDGE,DL,Alabama,SEC,74.75,247,9.875,34.375,83.0,4.46,40.5,23,127.0,7.39,4.31,1,2032,24.925,84.968,76.211,80.844,61.941,0,1,Round 1,1,0,0,0,0,0,0.05097504959248578,47,99.58677685950413,100.0
2024,IOL,OL,Liberty,Conference USA,75.25,322,10.25,33.25,81.125,5.5,24.0,26,96.0,8.26,4.97,1,1609,3.816,67.732,83.531,42.547,34.869,0,0,Undrafted,0,0,0,0,1,0,0.027382846015120678,47,100.0,100.0
